"id";"categoria";"português";"kimbundu (preencher)";"umbundu (preencher)";"observações / outra forma";"falante (nome ou iniciais)";"revisto (sim/não)"
"1";"Cumprimentos";"Bom dia.";"";"";"";"";""
"2";"Cumprimentos";"Boa tarde.";"";"";"";"";""
"3";"Cumprimentos";"Boa noite.";"";"";"";"";""
"4";"Cumprimentos";"Olá, como estás?";"";"";"";"";""
"5";"Cumprimentos";"Estou bem, obrigado.";"";"";"";"";""
"6";"Cumprimentos";"Até amanhã.";"";"";"";"";""
"7";"Cumprimentos";"Até logo.";"";"";"";"";""
"8";"Cumprimentos";"Seja bem-vindo.";"";"";"";"";""
"9";"Cumprimentos";"Com licença.";"";"";"";"";""
"10";"Cumprimentos";"Desculpa.";"";"";"";"";""
"11";"Apresentações";"Como te chamas?";"";"";"";"";""
"12";"Apresentações";"Chamo-me ...";"";"";"";"";""
"13";"Apresentações";"Muito prazer.";"";"";"";"";""
"14";"Apresentações";"De onde és?";"";"";"";"";""
"15";"Apresentações";"Sou de Angola.";"";"";"";"";""
"16";"Apresentações";"Falo um pouco de [língua].";"";"";"";"";""
"17";"Apresentações";"Quantos anos tens?";"";"";"";"";""
"18";"Apresentações";"Estou a aprender a tua língua.";"";"";"";"";""
"19";"Cortesia";"Obrigado.";"";"";"";"";""
"20";"Cortesia";"Muito obrigado.";"";"";"";"";""
"21";"Cortesia";"De nada.";"";"";"";"";""
"22";"Cortesia";"Por favor.";"";"";"";"";""
"23";"Cortesia";"Sim.";"";"";"";"";""
"24";"Cortesia";"Não.";"";"";"";"";""
"25";"Cortesia";"Não percebo.";"";"";"";"";""
"26";"Cortesia";"Podes repetir?";"";"";"";"";""
"27";"Cortesia";"Fala mais devagar, por favor.";"";"";"";"";""
"28";"Família";"Esta é a minha mãe.";"";"";"";"";""
"29";"Família";"Este é o meu pai.";"";"";"";"";""
"30";"Família";"Tenho dois filhos.";"";"";"";"";""
"31";"Família";"O meu irmão está em casa.";"";"";"";"";""
"32";"Família";"Como está a tua família?";"";"";"";"";""
"33";"Casa e comida";"Tenho fome.";"";"";"";"";""
"34";"Casa e comida";"Tenho sede.";"";"";"";"";""
"35";"Casa e comida";"Quero água.";"";"";"";"";""
"36";"Casa e comida";"A comida está boa.";"";"";"";"";""
"37";"Casa e comida";"Onde é a casa?";"";"";"";"";""
"38";"Casa e comida";"Vamos comer.";"";"";"";"";""
"39";"Casa e comida";"Quanto custa?";"";"";"";"";""
"40";"Casa e comida";"Não tenho dinheiro.";"";"";"";"";""
"41";"Lugares e direcções";"Onde fica a escola?";"";"";"";"";""
"42";"Lugares e direcções";"Onde fica o mercado?";"";"";"";"";""
"43";"Lugares e direcções";"Vai em frente.";"";"";"";"";""
"44";"Lugares e direcções";"Vira à direita.";"";"";"";"";""
"45";"Lugares e direcções";"Vira à esquerda.";"";"";"";"";""
"46";"Lugares e direcções";"Está perto.";"";"";"";"";""
"47";"Lugares e direcções";"Está longe.";"";"";"";"";""
"48";"Lugares e direcções";"Quero ir à aldeia.";"";"";"";"";""
"49";"Tempo";"Que horas são?";"";"";"";"";""
"50";"Tempo";"Hoje é um bom dia.";"";"";"";"";""
"51";"Tempo";"Amanhã vou trabalhar.";"";"";"";"";""
"52";"Tempo";"Ontem choveu.";"";"";"";"";""
"53";"Tempo";"Está a chover.";"";"";"";"";""
"54";"Tempo";"Está calor.";"";"";"";"";""
"55";"Tempo";"Está frio.";"";"";"";"";""
"56";"Sentimentos";"Estou feliz.";"";"";"";"";""
"57";"Sentimentos";"Estou cansado.";"";"";"";"";""
"58";"Sentimentos";"Estou doente.";"";"";"";"";""
"59";"Sentimentos";"Tenho medo.";"";"";"";"";""
"60";"Sentimentos";"Gosto muito de ti.";"";"";"";"";""
"61";"Sentimentos";"Estou com saudades.";"";"";"";"";""
"62";"Sentimentos";"Tudo vai correr bem.";"";"";"";"";""
"63";"Aprender";"Como se diz isto na tua língua?";"";"";"";"";""
"64";"Aprender";"O que significa esta palavra?";"";"";"";"";""
"65";"Aprender";"Sabes ler?";"";"";"";"";""
"66";"Aprender";"O professor ensina na escola.";"";"";"";"";""
"67";"Aprender";"Quero aprender mais palavras.";"";"";"";"";""
"68";"Aprender";"Conta até cinco.";"";"";"";"";""
